{
  "config": {
    "num_episodes": 1000,
    "max_steps_per_episode": 500,
    "seed": 189981,
    "verbose": false,
    "learning_rate": 0.0004172570080100354,
    "epsilon_start": 0.8,
    "epsilon_decay": 0.9999,
    "epsilon_min": 0.05,
    "batch_size": 256,
    "buffer_size": 50000,
    "gamma": 0.95,
    "target_update_freq": 20,
    "beta": 0.9002518950848166,
    "config_id": "cfg_batch_size=256_beta=0.9002518950848166_buffer_size=50000_epsilon_decay=0.9999_epsilon_min=0.05_epsilon_start=0.8_gamma=0.95_learning_rate=0.0004172570080100354_target_update_freq=20",
    "rep_index": 19
  },
  "mean_reward": -298.88,
  "std_reward": 16.359083103890637
}