{
  "config": {
    "num_episodes": 1000,
    "max_steps_per_episode": 500,
    "seed": 4,
    "verbose": false,
    "learning_rate": 0.0003151098098530405,
    "epsilon_start": 1.0,
    "epsilon_decay": 0.99999,
    "epsilon_min": 0.01,
    "batch_size": 128,
    "buffer_size": 100000,
    "gamma": 0.99,
    "target_update_freq": null,
    "beta": 0.9466802949397262,
    "config_id": "cfg_batch_size=128_beta=0.9466802949397262_buffer_size=100000_epsilon_decay=0.99999_epsilon_min=0.01_epsilon_start=1.0_gamma=0.99_learning_rate=0.0003151098098530405_target_update_freq=None",
    "rep_index": 0
  },
  "mean_reward": -298.607,
  "std_reward": 19.122148179532548
}