{
  "config": {
    "num_episodes": 1000,
    "max_steps_per_episode": 500,
    "seed": 199986,
    "verbose": false,
    "learning_rate": 0.00012478384250875674,
    "epsilon_start": 0.8,
    "epsilon_decay": 0.99997,
    "epsilon_min": 0.1,
    "batch_size": 128,
    "buffer_size": 50000,
    "gamma": 0.99,
    "target_update_freq": 5,
    "beta": 0.9790745545633973,
    "config_id": "cfg_batch_size=128_beta=0.9790745545633973_buffer_size=50000_epsilon_decay=0.99997_epsilon_min=0.1_epsilon_start=0.8_gamma=0.99_learning_rate=0.00012478384250875674_target_update_freq=5",
    "rep_index": 20
  },
  "mean_reward": -298.793,
  "std_reward": 18.177297681448692
}