{
  "config": {
    "num_episodes": 1000,
    "max_steps_per_episode": 500,
    "seed": 19998,
    "verbose": false,
    "learning_rate": 0.00035059474790809664,
    "epsilon_start": 0.5,
    "epsilon_decay": 0.99997,
    "epsilon_min": 0.1,
    "batch_size": 128,
    "buffer_size": 50000,
    "gamma": 0.99,
    "target_update_freq": null,
    "beta": 0.9099950302817333,
    "config_id": "cfg_batch_size=128_beta=0.9099950302817333_buffer_size=50000_epsilon_decay=0.99997_epsilon_min=0.1_epsilon_start=0.5_gamma=0.99_learning_rate=0.00035059474790809664_target_update_freq=None",
    "rep_index": 2
  },
  "mean_reward": -298.076,
  "std_reward": 21.921045230554135
}