{
  "config": {
    "num_episodes": 1000,
    "max_steps_per_episode": 500,
    "seed": 209986,
    "verbose": false,
    "learning_rate": 0.0016148306323951398,
    "epsilon_start": 0.5,
    "epsilon_decay": 0.9999,
    "epsilon_min": 0.1,
    "batch_size": 128,
    "buffer_size": 100000,
    "gamma": 0.99,
    "target_update_freq": 20,
    "beta": 0.9228762986980412,
    "config_id": "cfg_batch_size=128_beta=0.9228762986980412_buffer_size=100000_epsilon_decay=0.9999_epsilon_min=0.1_epsilon_start=0.5_gamma=0.99_learning_rate=0.0016148306323951398_target_update_freq=20",
    "rep_index": 21
  },
  "mean_reward": -94.726,
  "std_reward": 161.57200538459625
}