{
  "config": {
    "num_episodes": 1000,
    "max_steps_per_episode": 500,
    "seed": 189989,
    "verbose": false,
    "learning_rate": 0.0010524384740202186,
    "epsilon_start": 0.8,
    "epsilon_decay": 0.99999,
    "epsilon_min": 0.05,
    "batch_size": 64,
    "buffer_size": 100000,
    "gamma": 0.99,
    "target_update_freq": 5,
    "beta": 0.9825433129497033,
    "config_id": "cfg_batch_size=64_beta=0.9825433129497033_buffer_size=100000_epsilon_decay=0.99999_epsilon_min=0.05_epsilon_start=0.8_gamma=0.99_learning_rate=0.0010524384740202186_target_update_freq=5",
    "rep_index": 19
  },
  "mean_reward": -297.919,
  "std_reward": 25.667926269958002
}