{
  "config": {
    "num_episodes": 1000,
    "max_steps_per_episode": 500,
    "seed": 159985,
    "verbose": false,
    "learning_rate": 0.0001284393906633132,
    "epsilon_start": 0.8,
    "epsilon_decay": 0.99997,
    "epsilon_min": 0.1,
    "batch_size": 256,
    "buffer_size": 50000,
    "gamma": 0.99,
    "target_update_freq": 5,
    "beta": 0.9281753457378608,
    "config_id": "cfg_batch_size=256_beta=0.9281753457378608_buffer_size=50000_epsilon_decay=0.99997_epsilon_min=0.1_epsilon_start=0.8_gamma=0.99_learning_rate=0.0001284393906633132_target_update_freq=5",
    "rep_index": 16
  },
  "mean_reward": -47.395,
  "std_reward": 145.63262331977683
}