{
  "config": {
    "num_episodes": 1000,
    "max_steps_per_episode": 500,
    "seed": 29997,
    "verbose": false,
    "learning_rate": 0.0005754722578749058,
    "epsilon_start": 0.5,
    "epsilon_decay": 0.99999,
    "epsilon_min": 0.01,
    "batch_size": 256,
    "buffer_size": 50000,
    "gamma": 0.99,
    "target_update_freq": 20,
    "beta": 0.9255375855626797,
    "config_id": "cfg_batch_size=256_beta=0.9255375855626797_buffer_size=50000_epsilon_decay=0.99999_epsilon_min=0.01_epsilon_start=0.5_gamma=0.99_learning_rate=0.0005754722578749058_target_update_freq=20",
    "rep_index": 3
  },
  "mean_reward": -103.593,
  "std_reward": 164.9197603412035
}