{
  "config": {
    "num_episodes": 1000,
    "max_steps_per_episode": 500,
    "seed": 219984,
    "verbose": false,
    "learning_rate": 0.0006658733223496938,
    "epsilon_start": 1.0,
    "epsilon_decay": 0.99997,
    "epsilon_min": 0.05,
    "batch_size": 64,
    "buffer_size": 50000,
    "gamma": 0.95,
    "target_update_freq": null,
    "beta": 0.927823773552897,
    "config_id": "cfg_batch_size=64_beta=0.927823773552897_buffer_size=50000_epsilon_decay=0.99997_epsilon_min=0.05_epsilon_start=1.0_gamma=0.95_learning_rate=0.0006658733223496938_target_update_freq=None",
    "rep_index": 22
  },
  "mean_reward": -296.118,
  "std_reward": 33.2255936892029
}