{
  "config": {
    "num_episodes": 1000,
    "max_steps_per_episode": 500,
    "seed": 239979,
    "verbose": false,
    "learning_rate": 0.0017810733593149287,
    "epsilon_start": 0.5,
    "epsilon_decay": 0.99999,
    "epsilon_min": 0.01,
    "batch_size": 256,
    "buffer_size": 50000,
    "gamma": 0.95,
    "target_update_freq": 20,
    "beta": 0.9473362770908036,
    "config_id": "cfg_batch_size=256_beta=0.9473362770908036_buffer_size=50000_epsilon_decay=0.99999_epsilon_min=0.01_epsilon_start=0.5_gamma=0.95_learning_rate=0.0017810733593149287_target_update_freq=20",
    "rep_index": 24
  },
  "mean_reward": -174.673,
  "std_reward": 154.76769711732484
}