{
  "config": {
    "num_episodes": 1000,
    "max_steps_per_episode": 500,
    "seed": 10006,
    "verbose": false,
    "learning_rate": 0.002451692903632045,
    "epsilon_start": 0.5,
    "epsilon_decay": 0.99997,
    "epsilon_min": 0.05,
    "batch_size": 128,
    "buffer_size": 50000,
    "gamma": 0.99,
    "target_update_freq": 5,
    "beta": 0.9381083000262513,
    "config_id": "cfg_batch_size=128_beta=0.9381083000262513_buffer_size=50000_epsilon_decay=0.99997_epsilon_min=0.05_epsilon_start=0.5_gamma=0.99_learning_rate=0.002451692903632045_target_update_freq=5",
    "rep_index": 1
  },
  "mean_reward": -297.874,
  "std_reward": 22.4728752944522
}