{
  "config": {
    "num_episodes": 1000,
    "max_steps_per_episode": 500,
    "seed": 169992,
    "verbose": false,
    "learning_rate": 0.00011753858926215941,
    "epsilon_start": 0.3,
    "epsilon_decay": 0.99999,
    "epsilon_min": 0.01,
    "batch_size": 256,
    "buffer_size": 100000,
    "gamma": 0.99,
    "target_update_freq": null,
    "beta": 0.9552059054008227,
    "config_id": "cfg_batch_size=256_beta=0.9552059054008227_buffer_size=100000_epsilon_decay=0.99999_epsilon_min=0.01_epsilon_start=0.3_gamma=0.99_learning_rate=0.00011753858926215941_target_update_freq=None",
    "rep_index": 17
  },
  "mean_reward": -299.554,
  "std_reward": 10.920580753787773
}