{
  "config": {
    "num_episodes": 1000,
    "max_steps_per_episode": 500,
    "seed": 229979,
    "verbose": false,
    "learning_rate": 0.004892437375227856,
    "epsilon_start": 0.8,
    "epsilon_decay": 0.99997,
    "epsilon_min": 0.1,
    "batch_size": 64,
    "buffer_size": 100000,
    "gamma": 0.95,
    "target_update_freq": 5,
    "beta": 0.9327115693820107,
    "config_id": "cfg_batch_size=64_beta=0.9327115693820107_buffer_size=100000_epsilon_decay=0.99997_epsilon_min=0.1_epsilon_start=0.8_gamma=0.95_learning_rate=0.004892437375227856_target_update_freq=5",
    "rep_index": 23
  },
  "mean_reward": -298.782,
  "std_reward": 17.78764953556259
}