{
  "config": {
    "num_episodes": 1000,
    "max_steps_per_episode": 500,
    "seed": 29997,
    "verbose": false,
    "learning_rate": 0.00013876036653146998,
    "epsilon_start": 0.8,
    "epsilon_decay": 0.99999,
    "epsilon_min": 0.1,
    "batch_size": 64,
    "buffer_size": 100000,
    "gamma": 0.99,
    "target_update_freq": 10,
    "beta": 0.9144013974838955,
    "config_id": "cfg_batch_size=64_beta=0.9144013974838955_buffer_size=100000_epsilon_decay=0.99999_epsilon_min=0.1_epsilon_start=0.8_gamma=0.99_learning_rate=0.00013876036653146998_target_update_freq=10",
    "rep_index": 3
  },
  "mean_reward": -132.556,
  "std_reward": 162.2255308636714
}