{
  "config": {
    "num_episodes": 1000,
    "max_steps_per_episode": 500,
    "seed": 39999,
    "verbose": false,
    "learning_rate": 0.003139952173523037,
    "epsilon_start": 1.0,
    "epsilon_decay": 0.99999,
    "epsilon_min": 0.05,
    "batch_size": 128,
    "buffer_size": 100000,
    "gamma": 0.99,
    "target_update_freq": 10,
    "beta": 0.9503707677059534,
    "config_id": "cfg_batch_size=128_beta=0.9503707677059534_buffer_size=100000_epsilon_decay=0.99999_epsilon_min=0.05_epsilon_start=1.0_gamma=0.99_learning_rate=0.003139952173523037_target_update_freq=10",
    "rep_index": 4
  },
  "mean_reward": -213.689,
  "std_reward": 133.30283672525502
}