{
  "config": {
    "num_episodes": 1000,
    "max_steps_per_episode": 500,
    "seed": 249975,
    "verbose": false,
    "learning_rate": 0.0015714647190774571,
    "epsilon_start": 0.5,
    "epsilon_decay": 0.99999,
    "epsilon_min": 0.05,
    "batch_size": 256,
    "buffer_size": 50000,
    "gamma": 0.99,
    "target_update_freq": 5,
    "beta": 0.9371315703640969,
    "config_id": "cfg_batch_size=256_beta=0.9371315703640969_buffer_size=50000_epsilon_decay=0.99999_epsilon_min=0.05_epsilon_start=0.5_gamma=0.99_learning_rate=0.0015714647190774571_target_update_freq=5",
    "rep_index": 25
  },
  "mean_reward": -130.615,
  "std_reward": 158.71996337890204
}