{
  "config": {
    "num_episodes": 1000,
    "max_steps_per_episode": 500,
    "seed": 159985,
    "verbose": false,
    "learning_rate": 0.0012961911986540606,
    "epsilon_start": 0.5,
    "epsilon_decay": 0.9999,
    "epsilon_min": 0.1,
    "batch_size": 256,
    "buffer_size": 100000,
    "gamma": 0.95,
    "target_update_freq": null,
    "beta": 0.9422437218524893,
    "config_id": "cfg_batch_size=256_beta=0.9422437218524893_buffer_size=100000_epsilon_decay=0.9999_epsilon_min=0.1_epsilon_start=0.5_gamma=0.95_learning_rate=0.0012961911986540606_target_update_freq=None",
    "rep_index": 16
  },
  "mean_reward": -297.244,
  "std_reward": 25.55860841282248
}