{
  "config": {
    "num_episodes": 1000,
    "max_steps_per_episode": 500,
    "seed": 189982,
    "verbose": false,
    "learning_rate": 0.002425715635909859,
    "epsilon_start": 1.0,
    "epsilon_decay": 0.99999,
    "epsilon_min": 0.1,
    "batch_size": 256,
    "buffer_size": 100000,
    "gamma": 0.99,
    "target_update_freq": 10,
    "beta": 0.921953856862961,
    "config_id": "cfg_batch_size=256_beta=0.921953856862961_buffer_size=100000_epsilon_decay=0.99999_epsilon_min=0.1_epsilon_start=1.0_gamma=0.99_learning_rate=0.002425715635909859_target_update_freq=10",
    "rep_index": 19
  },
  "mean_reward": -181.717,
  "std_reward": 157.01832667239833
}