{
  "config": {
    "num_episodes": 1000,
    "max_steps_per_episode": 500,
    "seed": 79992,
    "verbose": false,
    "learning_rate": 0.0011112983647201301,
    "epsilon_start": 0.5,
    "epsilon_decay": 0.9999,
    "epsilon_min": 0.1,
    "batch_size": 256,
    "buffer_size": 50000,
    "gamma": 0.95,
    "target_update_freq": 5,
    "beta": 0.9596958783543744,
    "config_id": "cfg_batch_size=256_beta=0.9596958783543744_buffer_size=50000_epsilon_decay=0.9999_epsilon_min=0.1_epsilon_start=0.5_gamma=0.95_learning_rate=0.0011112983647201301_target_update_freq=5",
    "rep_index": 8
  },
  "mean_reward": -101.964,
  "std_reward": 166.27597151723396
}