{
  "config": {
    "num_episodes": 1000,
    "max_steps_per_episode": 500,
    "seed": 3,
    "verbose": false,
    "learning_rate": 0.0007100343905261243,
    "epsilon_start": 0.3,
    "epsilon_decay": 0.9999,
    "epsilon_min": 0.05,
    "batch_size": 256,
    "buffer_size": 100000,
    "gamma": 0.95,
    "target_update_freq": 20,
    "beta": 0.9767901521204106,
    "config_id": "cfg_batch_size=256_beta=0.9767901521204106_buffer_size=100000_epsilon_decay=0.9999_epsilon_min=0.05_epsilon_start=0.3_gamma=0.95_learning_rate=0.0007100343905261243_target_update_freq=20",
    "rep_index": 0
  },
  "mean_reward": -299.472,
  "std_reward": 11.795389607808636
}