{
  "config": {
    "num_episodes": 1000,
    "max_steps_per_episode": 500,
    "seed": 20007,
    "verbose": false,
    "learning_rate": 0.0005881209648023524,
    "epsilon_start": 0.3,
    "epsilon_decay": 0.99999,
    "epsilon_min": 0.05,
    "batch_size": 128,
    "buffer_size": 50000,
    "gamma": 0.99,
    "target_update_freq": null,
    "beta": 0.9332081560129877,
    "config_id": "cfg_batch_size=128_beta=0.9332081560129877_buffer_size=50000_epsilon_decay=0.99999_epsilon_min=0.05_epsilon_start=0.3_gamma=0.99_learning_rate=0.0005881209648023524_target_update_freq=None",
    "rep_index": 2
  },
  "mean_reward": -298.923,
  "std_reward": 17.774731249726397
}