{
  "config": {
    "num_episodes": 1000,
    "max_steps_per_episode": 500,
    "seed": 159987,
    "verbose": false,
    "learning_rate": 0.0006659585780037987,
    "epsilon_start": 0.3,
    "epsilon_decay": 0.99999,
    "epsilon_min": 0.1,
    "batch_size": 256,
    "buffer_size": 50000,
    "gamma": 0.99,
    "target_update_freq": null,
    "beta": 0.9505144524109331,
    "config_id": "cfg_batch_size=256_beta=0.9505144524109331_buffer_size=50000_epsilon_decay=0.99999_epsilon_min=0.1_epsilon_start=0.3_gamma=0.99_learning_rate=0.0006659585780037987_target_update_freq=None",
    "rep_index": 16
  },
  "mean_reward": -300.0,
  "std_reward": 0.0
}