{
  "config": {
    "num_episodes": 1000,
    "max_steps_per_episode": 500,
    "seed": 129987,
    "verbose": false,
    "learning_rate": 0.0022609306282792225,
    "epsilon_start": 1.0,
    "epsilon_decay": 0.99997,
    "epsilon_min": 0.1,
    "batch_size": 256,
    "buffer_size": 50000,
    "gamma": 0.95,
    "target_update_freq": 5,
    "beta": 0.9509315410010946,
    "config_id": "cfg_batch_size=256_beta=0.9509315410010946_buffer_size=50000_epsilon_decay=0.99997_epsilon_min=0.1_epsilon_start=1.0_gamma=0.95_learning_rate=0.0022609306282792225_target_update_freq=5",
    "rep_index": 13
  },
  "mean_reward": -51.139,
  "std_reward": 156.57884812132193
}