{
  "config": {
    "num_episodes": 1000,
    "max_steps_per_episode": 500,
    "seed": 30002,
    "verbose": false,
    "learning_rate": 0.0007083099004620076,
    "epsilon_start": 1.0,
    "epsilon_decay": 0.99997,
    "epsilon_min": 0.01,
    "batch_size": 128,
    "buffer_size": 100000,
    "gamma": 0.95,
    "target_update_freq": 10,
    "beta": 0.9680783669892277,
    "config_id": "cfg_batch_size=128_beta=0.9680783669892277_buffer_size=100000_epsilon_decay=0.99997_epsilon_min=0.01_epsilon_start=1.0_gamma=0.95_learning_rate=0.0007083099004620076_target_update_freq=10",
    "rep_index": 3
  },
  "mean_reward": -70.52,
  "std_reward": 160.2712375942733
}