{
  "config": {
    "num_episodes": 1000,
    "max_steps_per_episode": 500,
    "seed": 69993,
    "verbose": false,
    "learning_rate": 0.0018116759391301623,
    "epsilon_start": 0.8,
    "epsilon_decay": 0.99999,
    "epsilon_min": 0.05,
    "batch_size": 64,
    "buffer_size": 50000,
    "gamma": 0.99,
    "target_update_freq": null,
    "beta": 0.9773678104929563,
    "config_id": "cfg_batch_size=64_beta=0.9773678104929563_buffer_size=50000_epsilon_decay=0.99999_epsilon_min=0.05_epsilon_start=0.8_gamma=0.99_learning_rate=0.0018116759391301623_target_update_freq=None",
    "rep_index": 7
  },
  "mean_reward": -296.436,
  "std_reward": 33.0976117567416
}