{
  "config": {
    "num_episodes": 1000,
    "max_steps_per_episode": 500,
    "seed": 89991,
    "verbose": false,
    "learning_rate": 0.004259958713381902,
    "epsilon_start": 0.5,
    "epsilon_decay": 0.99997,
    "epsilon_min": 0.1,
    "batch_size": 64,
    "buffer_size": 100000,
    "gamma": 0.99,
    "target_update_freq": 5,
    "beta": 0.9132434540269088,
    "config_id": "cfg_batch_size=64_beta=0.9132434540269088_buffer_size=100000_epsilon_decay=0.99997_epsilon_min=0.1_epsilon_start=0.5_gamma=0.99_learning_rate=0.004259958713381902_target_update_freq=5",
    "rep_index": 9
  },
  "mean_reward": -298.424,
  "std_reward": 21.28906348339447
}