{
  "config": {
    "num_episodes": 1000,
    "max_steps_per_episode": 500,
    "seed": 39997,
    "verbose": false,
    "learning_rate": 0.0005586587845690584,
    "epsilon_start": 0.3,
    "epsilon_decay": 0.99997,
    "epsilon_min": 0.1,
    "batch_size": 128,
    "buffer_size": 100000,
    "gamma": 0.95,
    "target_update_freq": 10,
    "beta": 0.9284054388434392,
    "config_id": "cfg_batch_size=128_beta=0.9284054388434392_buffer_size=100000_epsilon_decay=0.99997_epsilon_min=0.1_epsilon_start=0.3_gamma=0.95_learning_rate=0.0005586587845690584_target_update_freq=10",
    "rep_index": 4
  },
  "mean_reward": -15.562,
  "std_reward": 125.33490398129325
}