{
  "config": {
    "num_episodes": 1000,
    "max_steps_per_episode": 500,
    "seed": 39996,
    "verbose": false,
    "learning_rate": 0.0011751203019842707,
    "epsilon_start": 0.3,
    "epsilon_decay": 0.99997,
    "epsilon_min": 0.05,
    "batch_size": 64,
    "buffer_size": 100000,
    "gamma": 0.95,
    "target_update_freq": 5,
    "beta": 0.9200543569811196,
    "config_id": "cfg_batch_size=64_beta=0.9200543569811196_buffer_size=100000_epsilon_decay=0.99997_epsilon_min=0.05_epsilon_start=0.3_gamma=0.95_learning_rate=0.0011751203019842707_target_update_freq=5",
    "rep_index": 4
  },
  "mean_reward": -297.866,
  "std_reward": 23.349904582246154
}