{
  "config": {
    "num_episodes": 1000,
    "max_steps_per_episode": 500,
    "seed": 219978,
    "verbose": false,
    "learning_rate": 0.001392373169206982,
    "epsilon_start": 1.0,
    "epsilon_decay": 0.9999,
    "epsilon_min": 0.05,
    "batch_size": 256,
    "buffer_size": 100000,
    "gamma": 0.95,
    "target_update_freq": 10,
    "beta": 0.9418791456669983,
    "config_id": "cfg_batch_size=256_beta=0.9418791456669983_buffer_size=100000_epsilon_decay=0.9999_epsilon_min=0.05_epsilon_start=1.0_gamma=0.95_learning_rate=0.001392373169206982_target_update_freq=10",
    "rep_index": 22
  },
  "mean_reward": -298.287,
  "std_reward": 22.287903243688042
}