{
  "config": {
    "num_episodes": 1000,
    "max_steps_per_episode": 500,
    "seed": 29998,
    "verbose": false,
    "learning_rate": 0.0013814572675258738,
    "epsilon_start": 0.5,
    "epsilon_decay": 0.99999,
    "epsilon_min": 0.05,
    "batch_size": 64,
    "buffer_size": 50000,
    "gamma": 0.95,
    "target_update_freq": 20,
    "beta": 0.9805182228276192,
    "config_id": "cfg_batch_size=64_beta=0.9805182228276192_buffer_size=50000_epsilon_decay=0.99999_epsilon_min=0.05_epsilon_start=0.5_gamma=0.95_learning_rate=0.0013814572675258738_target_update_freq=20",
    "rep_index": 3
  },
  "mean_reward": -298.355,
  "std_reward": 20.592789393377483
}