{
  "config": {
    "num_episodes": 1000,
    "max_steps_per_episode": 500,
    "seed": 219979,
    "verbose": false,
    "learning_rate": 0.0008336903538425755,
    "epsilon_start": 1.0,
    "epsilon_decay": 0.99997,
    "epsilon_min": 0.1,
    "batch_size": 256,
    "buffer_size": 100000,
    "gamma": 0.95,
    "target_update_freq": 20,
    "beta": 0.9913135617706265,
    "config_id": "cfg_batch_size=256_beta=0.9913135617706265_buffer_size=100000_epsilon_decay=0.99997_epsilon_min=0.1_epsilon_start=1.0_gamma=0.95_learning_rate=0.0008336903538425755_target_update_freq=20",
    "rep_index": 22
  },
  "mean_reward": -101.077,
  "std_reward": 147.05214405441356
}